{"cameraMode":{"drawMode":0,"name":"Shaded","section":"Shading Mode"},"sceneLighting":true,"audioPlay":false,"sceneViewState":{"showFog":false,"showMaterialUpdate":false,"showSkybox":false,"showFlares":false,"showImageEffects":false,"showParticleSystems":false},"in2DMode":false,"pivot":{"x":23.06238555908203,"y":6.247379302978516,"z":16.276859283447267},"rotation":{"x":-0.01909969002008438,"y":0.689916729927063,"z":0.01822081208229065,"w":0.723415732383728},"size":33.74842834472656,"orthographic":false}