{"cameraMode":{"drawMode":0,"name":"Shaded","section":"Shading Mode"},"sceneLighting":true,"audioPlay":false,"sceneViewState":{"showFog":false,"showMaterialUpdate":false,"showSkybox":false,"showFlares":false,"showImageEffects":false,"showParticleSystems":false},"in2DMode":false,"pivot":{"x":21.260906219482423,"y":3.8183321952819826,"z":5.596272945404053},"rotation":{"x":-0.3350299596786499,"y":-0.04265299066901207,"z":0.015191529877483845,"w":-0.9411264657974243},"size":33.74842834472656,"orthographic":false}