{"cameraMode":{"drawMode":0,"name":"Shaded","section":"Shading Mode"},"sceneLighting":true,"audioPlay":false,"sceneViewState":{"showFog":false,"showMaterialUpdate":false,"showSkybox":false,"showFlares":false,"showImageEffects":false,"showParticleSystems":false},"in2DMode":false,"pivot":{"x":-11.640000343322754,"y":3.0999999046325685,"z":-42.13999938964844},"rotation":{"x":-0.013798707164824009,"y":0.9577696323394775,"z":-0.28341519832611086,"w":-0.04686073213815689},"size":46.494300842285159,"orthographic":false}